dataset,dataset_class,canonical_crop,canonical_disease,pathogen_name,pathogen_type,candidate_action_class,action_summary,source_name,source_url,source_identifier,evidence_summary,evidence_checked_at,mapping_confidence,review_status,review_notes,reviewer,reviewed_at
PlantDoc,Apple Scab Leaf,apple,apple scab,Venturia inaequalis,fungal,fungicide,Reduce primary spring infections; leaf-litter breakdown; timed protectant/SI fungicides.,UC IPM Pest Management Guidelines — Apple,https://ipm.ucanr.edu/agriculture/apple/apple-scab/,apple-scab,'The main objective in scab management is the reduction or prevention of primary infections in spring.',2026-07-28,high,needs_review,,,
PlantDoc,Apple rust leaf,apple,cedar-apple rust,Gymnosporangium juniperi-virginianae,fungal,fungicide,Sterol-inhibitor fungicides; resistant apple/juniper cultivars; gall removal (limited).,Ohio State University Extension (CFAES),https://cfaes.osu.edu/fact-sheet/cedar-apple-rust,cedar-apple-rust,'Fungicide application to manage cedar-apple rust is commonly included in the disease management programs of many apple production systems.',2026-07-28,high,needs_review,No UC IPM page (eastern-US disease); EPPO GYMNJV is taxonomy-only.,,
PlantDoc,Corn Gray leaf spot,corn,gray leaf spot,Cercospora zeae-maydis,fungal,fungicide,Partial-resistance hybrids; rotation + residue management; fungicide VT–R2 on susceptible hybrids.,Ohio State University Extension — Ohioline (PLPATH-CER-05),https://ohioline.osu.edu/factsheet/plpath-cer-05,plpath-cer-05,'Hybrids with partial resistance to GLS are available. Ask your seed supplier for these hybrids.',2026-07-28,high,needs_review,Not covered by UC IPM corn; independently spot-verified.,,
PlantDoc,Corn leaf blight,corn,northern corn leaf blight,Exserohilum turcicum (Setosphaeria turcica),fungal,fungicide,Resistant hybrids (most effective); rotation 1–2 yr; tillage; fungicide at tasseling/silking.,Ohio State University Extension — Ohioline (PLPATH-CER-10),https://ohioline.osu.edu/factsheet/plpath-cer-10,plpath-cer-10,'Planting resistant hybrids is the most effective method for controlling NCLB.',2026-07-28,high,needs_review,UC IPM corn lists only a different Exserohilum root rot (not cited).,,
PlantDoc,Corn rust leaf,corn,common rust,Puccinia sorghi,fungal,fungicide,Resistant hybrids; fungicides generally not required under California conditions.,UC IPM Pest Management Guidelines — Corn (Common Rust),https://ipm.ucanr.edu/PMG/r113100811.html,r113100811.html,'Use resistant hybrids to prevent common rust.',2026-07-28,high,needs_review,,,
PlantDoc,Potato leaf early blight,potato,early blight,Alternaria solani,fungal,fungicide,Optimum growing conditions; later-maturing varieties; monitor; fungicide 7–10 d when justified.,UC IPM Pest Management Guidelines — Potato (Early Blight),https://ipm.ucanr.edu/agriculture/potato/early-blight/,early-blight,"'Early blight can be minimized by maintaining optimum growing conditions, including proper fertilization, irrigation, and management of other pests.'",2026-07-28,high,needs_review,,,
PlantDoc,Potato leaf late blight,potato,late blight,Phytophthora infestans,oomycete,fungicide,Eliminate cull piles/volunteers; certified seed; preventive fungicide 7–10 d; vine kill before harvest.,UC IPM Pest Management Guidelines — Potato (Late Blight),https://ipm.ucanr.edu/agriculture/potato/late-blight/,late-blight,"'Late blight is controlled by eliminating cull piles and volunteer potatoes, using proper harvesting and storage practices, and applying fungicides when necessary.'",2026-07-28,high,needs_review,"OOMYCETE (water mould), not a true fungus; UC IPM prose loosely says 'fungus'. Maps to fungicide per brief §3.1.",,
PlantDoc,Squash Powdery mildew leaf,squash,powdery mildew,Podosphaera xanthii (also Erysiphe/Golovinomyces),fungal,fungicide,"Resistant varieties; sanitation; weed control; treat at first symptoms, alternate fungicide MOA.",UC IPM Pest Management Guidelines — Cucurbits (Powdery Mildew),https://ipm.ucanr.edu/agriculture/cucurbits/powdery-mildew/,powdery-mildew,"'Plant resistant varieties, follow good sanitation practices, and control weeds.'",2026-07-28,high,needs_review,,,
PlantDoc,grape leaf black rot,grape,black rot,Guignardia bidwellii (Phyllosticta ampelicida),fungal,fungicide,Sanitation — remove mummies + prune diseased wood; fungicides early bloom to 3–4 wk after bloom.,Ohio State University Extension — Ohioline (PLPATH-FRU-24),https://ohioline.osu.edu/factsheet/plpath-fru-24,plpath-fru-24,'Fungicides should be sprayed during the period from early bloom through three to four weeks after bloom.',2026-07-28,high,needs_review,No UC IPM page (minor CA disease); EPPO GUIGBI is taxonomy-only.,,
PlantDoc,Tomato Early blight leaf,tomato,early blight,Alternaria solani,fungal,fungicide,"Destroy volunteer/nightshade hosts; rotation; protectant fungicides (chlorothalonil, mancozeb, copper).",UC IPM Pest Management Guidelines — Tomato (Early Blight),https://ipm.ucanr.edu/agriculture/tomato/early-blight/,early-blight,'Destroy nightshades and volunteer tomato and potato plants. Proper crop rotation is important...',2026-07-28,high,needs_review,,,
PlantDoc,Tomato Septoria leaf spot,tomato,septoria leaf spot,Septoria lycopersici,fungal,fungicide,Sanitation; rotate away from tomato 2+ yr; reduce leaf wetness; preventive fungicides.,NC State Extension Publications,https://content.ces.ncsu.edu/septoria-leaf-spot-of-tomato,septoria-leaf-spot-of-tomato,'Septoria leaf spot is caused by the fungus Septoria lycopersici.' / 'Rotate away from tomato for 2 or more years.',2026-07-28,high,needs_review,No UC IPM page for tomato Septoria; .edu extension fallback.,,
PlantDoc,Tomato leaf bacterial spot,tomato,bacterial spot,Xanthomonas campestris pv. vesicatoria,bacterial,copper_sanitation,Pathogen-free seed/transplants (best); avoid sprinklers; rotate nonhost; copper protectant only.,UC IPM Pest Management Guidelines — Tomato (Bacterial Spot),https://ipm.ucanr.edu/agriculture/tomato/bacterial-spot/,bacterial-spot,"'Using pathogen-free seed and disease-free transplants, when possible, is the best way to avoid bacterial spot on tomato.'",2026-07-28,high,needs_review,Modern taxonomy splits bacterial-spot xanthomonads into ~4 species.,,
PlantDoc,Tomato leaf late blight,tomato,late blight,Phytophthora infestans,oomycete,fungicide,Resistant varieties; remove volunteers; avoid sprinklers; protectant fungicide before onset.,UC IPM Pest Management Guidelines — Tomato (Late Blight),https://ipm.ucanr.edu/agriculture/tomato/late-blight/,late-blight,'Apply a protectant fungicide before disease development begins...',2026-07-28,high,needs_review,"OOMYCETE, not a true fungus. Maps to fungicide per brief §3.1.",,
PlantDoc,Tomato leaf yellow virus,tomato,tomato yellow leaf curl,"Tomato yellow leaf curl virus (TYLCV, begomovirus)",viral,remove_vector,Resistant varieties; virus-/whitefly-free transplants; whitefly control; rogue infected plants.,UC IPM Pest Management Guidelines — Tomato (Tomato Yellow Leaf Curl),https://ipm.ucanr.edu/agriculture/tomato/tomato-yellow-leaf-curl/,tomato-yellow-leaf-curl,'Select TYLCV-resistant varieties. Use virus- and whitefly-free transplants.',2026-07-28,high,needs_review,Whitefly (Bemisia)-transmitted -> cleanly maps to remove_vector. Independently spot-verified.,,
PlantDoc,Tomato mold leaf,tomato,leaf mold,Fulvia fulva (Passalora fulva / Cladosporium fulvum),fungal,fungicide,Resistant (Cf-gene) varieties; lower humidity (spacing/airflow); sanitation; preventive fungicides.,University of Missouri IPM,https://ipm.missouri.edu/mpg/index.cfm?ID=81,index.cfm?ID=81,"'Leaf mold is caused by the fungus Fulvia fulva' / 'Fungicides are preventatives, not curatives.'",2026-07-28,high,needs_review,No UC IPM leaf-mold page; university IPM fallback.,,
PlantDoc,Bell_pepper leaf spot,pepper,bacterial spot,Xanthomonas campestris pv. vesicatoria,bacterial,copper_sanitation,Indexed/treated seed or clean transplants; rotate out of peppers ≥1 yr; drip not overhead; copper.,UC IPM Pest Management Guidelines — Peppers (Bacterial Spot),https://ipm.ucanr.edu/PMG/r604100311.html,r604100311.html,"'Use indexed pathogen-negative seed, treated seed, or disease-free transplants. Rotate out of peppers for at least 1 year.'",2026-07-28,high,needs_review,,,
PlantDoc,Tomato leaf mosaic virus,tomato,tomato mosaic,"Tomato mosaic virus (ToMV, tobamovirus)",viral,remove_vector,Treated seed; extreme sanitation; resistant cultivars. Mechanically transmitted — NOT insect-vectored.,UC IPM Pest Management Guidelines — Tomato (Tobacco Mosaic),https://ipm.ucanr.edu/agriculture/tomato/tobacco-mosaic/,tobacco-mosaic,'Use seed that has been treated to eliminate seedborne inoculum. Extreme sanitation is needed.',2026-07-28,medium,needs_review,"AMBIGUOUS: viral, but no insect vector to remove — the 'control vector' half of remove_vector does not apply; management is seed treatment + roguing/sanitation. Reviewer must decide remove_vector vs a sanitation action.",,
PlantDoc,Tomato two spotted spider mites leaf,tomato,twospotted spider mite,Tetranychus urticae,mite,monitor,Conserve natural enemies; water sprays; selective miticides (soap/oil) only when needed; monitor.,UC IPM Pest Notes — Spider Mites,https://ipm.ucanr.edu/home-and-landscape/spider-mites/,spider-mites,"'If a treatment for mites is necessary, use selective materials, preferably insecticidal soap or insecticidal oil.'",2026-07-28,medium,excluded,"Excluded under policy:arthropod-pest-scope-v1 (reports/ARTHROPOD_PEST_EVALUATION_SCOPE.md): Tetranychus urticae is an arthropod pest, not a plant pathogen. The class remains diagnosis-eligible and its images and manifest rows are retained; it is out of scope for disease-action and risk-weighted disease evaluation, so no canonical action-mapping row is emitted. Reviewed by human_reviewer_1.",human_reviewer_1,2026-08-02T21:10:00+05:00
PlantDoc,Apple leaf,apple,healthy,,,monitor,Healthy tissue — no intervention indicated.,"(definitional: healthy class, no pathogen)",,policy:healthy-monitor-v1,No disease pathogen present; monitor only. A reviewer may attach a general IPM monitoring citation.,2026-07-28,high,approved,Approved under policy:healthy-monitor-v1 (reports/HEALTHY_CLASS_ACTION_POLICY.md): healthy is a negative diagnosis class with no pathogen; pathogen-specific evidence is exempted and must not be fabricated. healthy -> monitor is definitional. Reviewed by human_reviewer_1.,human_reviewer_1,2026-08-02T21:10:00+05:00
PlantDoc,Bell_pepper leaf,pepper,healthy,,,monitor,Healthy tissue — no intervention indicated.,"(definitional: healthy class, no pathogen)",,policy:healthy-monitor-v1,No disease pathogen present; monitor only. A reviewer may attach a general IPM monitoring citation.,2026-07-28,high,approved,Approved under policy:healthy-monitor-v1 (reports/HEALTHY_CLASS_ACTION_POLICY.md): healthy is a negative diagnosis class with no pathogen; pathogen-specific evidence is exempted and must not be fabricated. healthy -> monitor is definitional. Reviewed by human_reviewer_1.,human_reviewer_1,2026-08-02T21:10:00+05:00
PlantDoc,Blueberry leaf,blueberry,healthy,,,monitor,Healthy tissue — no intervention indicated.,"(definitional: healthy class, no pathogen)",,policy:healthy-monitor-v1,No disease pathogen present; monitor only. A reviewer may attach a general IPM monitoring citation.,2026-07-28,high,approved,Approved under policy:healthy-monitor-v1 (reports/HEALTHY_CLASS_ACTION_POLICY.md): healthy is a negative diagnosis class with no pathogen; pathogen-specific evidence is exempted and must not be fabricated. healthy -> monitor is definitional. Reviewed by human_reviewer_1.,human_reviewer_1,2026-08-02T21:10:00+05:00
PlantDoc,Cherry leaf,cherry,healthy,,,monitor,Healthy tissue — no intervention indicated.,"(definitional: healthy class, no pathogen)",,policy:healthy-monitor-v1,No disease pathogen present; monitor only. A reviewer may attach a general IPM monitoring citation.,2026-07-28,high,approved,Approved under policy:healthy-monitor-v1 (reports/HEALTHY_CLASS_ACTION_POLICY.md): healthy is a negative diagnosis class with no pathogen; pathogen-specific evidence is exempted and must not be fabricated. healthy -> monitor is definitional. Reviewed by human_reviewer_1.,human_reviewer_1,2026-08-02T21:10:00+05:00
PlantDoc,Peach leaf,peach,healthy,,,monitor,Healthy tissue — no intervention indicated.,"(definitional: healthy class, no pathogen)",,policy:healthy-monitor-v1,No disease pathogen present; monitor only. A reviewer may attach a general IPM monitoring citation.,2026-07-28,high,approved,Approved under policy:healthy-monitor-v1 (reports/HEALTHY_CLASS_ACTION_POLICY.md): healthy is a negative diagnosis class with no pathogen; pathogen-specific evidence is exempted and must not be fabricated. healthy -> monitor is definitional. Reviewed by human_reviewer_1.,human_reviewer_1,2026-08-02T21:10:00+05:00
PlantDoc,Raspberry leaf,raspberry,healthy,,,monitor,Healthy tissue — no intervention indicated.,"(definitional: healthy class, no pathogen)",,policy:healthy-monitor-v1,No disease pathogen present; monitor only. A reviewer may attach a general IPM monitoring citation.,2026-07-28,high,approved,Approved under policy:healthy-monitor-v1 (reports/HEALTHY_CLASS_ACTION_POLICY.md): healthy is a negative diagnosis class with no pathogen; pathogen-specific evidence is exempted and must not be fabricated. healthy -> monitor is definitional. Reviewed by human_reviewer_1.,human_reviewer_1,2026-08-02T21:10:00+05:00
PlantDoc,Soyabean leaf,soybean,healthy,,,monitor,Healthy tissue — no intervention indicated.,"(definitional: healthy class, no pathogen)",,policy:healthy-monitor-v1,No disease pathogen present; monitor only. A reviewer may attach a general IPM monitoring citation.,2026-07-28,high,approved,Approved under policy:healthy-monitor-v1 (reports/HEALTHY_CLASS_ACTION_POLICY.md): healthy is a negative diagnosis class with no pathogen; pathogen-specific evidence is exempted and must not be fabricated. healthy -> monitor is definitional. Reviewed by human_reviewer_1.,human_reviewer_1,2026-08-02T21:10:00+05:00
PlantDoc,Strawberry leaf,strawberry,healthy,,,monitor,Healthy tissue — no intervention indicated.,"(definitional: healthy class, no pathogen)",,policy:healthy-monitor-v1,No disease pathogen present; monitor only. A reviewer may attach a general IPM monitoring citation.,2026-07-28,high,approved,Approved under policy:healthy-monitor-v1 (reports/HEALTHY_CLASS_ACTION_POLICY.md): healthy is a negative diagnosis class with no pathogen; pathogen-specific evidence is exempted and must not be fabricated. healthy -> monitor is definitional. Reviewed by human_reviewer_1.,human_reviewer_1,2026-08-02T21:10:00+05:00
PlantDoc,Tomato leaf,tomato,healthy,,,monitor,Healthy tissue — no intervention indicated.,"(definitional: healthy class, no pathogen)",,policy:healthy-monitor-v1,No disease pathogen present; monitor only. A reviewer may attach a general IPM monitoring citation.,2026-07-28,high,approved,Approved under policy:healthy-monitor-v1 (reports/HEALTHY_CLASS_ACTION_POLICY.md): healthy is a negative diagnosis class with no pathogen; pathogen-specific evidence is exempted and must not be fabricated. healthy -> monitor is definitional. Reviewed by human_reviewer_1.,human_reviewer_1,2026-08-02T21:10:00+05:00
PlantDoc,grape leaf,grape,healthy,,,monitor,Healthy tissue — no intervention indicated.,"(definitional: healthy class, no pathogen)",,policy:healthy-monitor-v1,No disease pathogen present; monitor only. A reviewer may attach a general IPM monitoring citation.,2026-07-28,high,approved,Approved under policy:healthy-monitor-v1 (reports/HEALTHY_CLASS_ACTION_POLICY.md): healthy is a negative diagnosis class with no pathogen; pathogen-specific evidence is exempted and must not be fabricated. healthy -> monitor is definitional. Reviewed by human_reviewer_1.,human_reviewer_1,2026-08-02T21:10:00+05:00
