Setting,Comparison,Seeds,Significant (Holm),Sign consistent,Mean acc. diff.
PlantVillage in-domain,ResNet-50 vs EfficientNet-B0,2,1/2,yes,-0.0030
PlantVillage in-domain,ResNet-50 vs MobileNetV3-Small,2,1/2,yes,-0.0017
PlantVillage in-domain,EfficientNet-B0 vs MobileNetV3-Small,2,1/2,yes,+0.0014
PlantDoc Core in-domain,ResNet-50 vs EfficientNet-B0,2,0/2,yes,+0.0178
PlantDoc Core in-domain,ResNet-50 vs MobileNetV3-Small,2,2/2,yes,+0.1289
PlantDoc Core in-domain,EfficientNet-B0 vs MobileNetV3-Small,2,2/2,yes,+0.1111
PlantVillage -> PlantDoc Core,ResNet-50 vs EfficientNet-B0,2,0/2,no,-0.0069
PlantVillage -> PlantDoc Core,ResNet-50 vs MobileNetV3-Small,2,2/2,yes,+0.0310
PlantVillage -> PlantDoc Core,EfficientNet-B0 vs MobileNetV3-Small,2,2/2,yes,+0.0379
