Setting,Seed,Ranking (macro-F1; best first),ResNet-50 macro-F1,EfficientNet-B0 macro-F1,MobileNetV3-Small macro-F1
PlantVillage in-domain,42,EfficientNet-B0 > MobileNetV3-Small > ResNet-50,0.9899,0.9956,0.9927
PlantVillage in-domain,1337,EfficientNet-B0 > MobileNetV3-Small > ResNet-50,0.9925,0.9944,0.9931
PlantVillage in-domain,all,STABLE: 2/2 seeds give EfficientNet-B0 > MobileNetV3-Small > ResNet-50,0.9912,0.995,0.9929
PlantVillage → PlantDoc Core,42,ResNet-50 > EfficientNet-B0 > MobileNetV3-Small,0.2414,0.2359,0.1982
PlantVillage → PlantDoc Core,1337,EfficientNet-B0 > ResNet-50 > MobileNetV3-Small,0.2218,0.2312,0.1764
PlantVillage → PlantDoc Core,all,UNSTABLE: 1/2 seeds give EfficientNet-B0 > ResNet-50 > MobileNetV3-Small,0.2316,0.2335,0.1873
PlantDoc Core in-domain,42,ResNet-50 > EfficientNet-B0 > MobileNetV3-Small,0.6994,0.6927,0.5841
PlantDoc Core in-domain,1337,ResNet-50 > EfficientNet-B0 > MobileNetV3-Small,0.7094,0.6663,0.5946
PlantDoc Core in-domain,all,STABLE: 2/2 seeds give ResNet-50 > EfficientNet-B0 > MobileNetV3-Small,0.7044,0.6795,0.5893
