Model,Dataset,Seed,N,Accuracy,Macro-F1,Weighted-F1,Balanced Acc.,Macro Prec.,Macro Rec.
ResNet-50,PlantVillage → PlantDoc Core,42,1951,0.2778062532034854,0.24140957733314183,0.2662661913561044,0.259025554414784,0.3482538286112089,0.259025554414784
ResNet-50,PlantVillage → PlantDoc Core,1337,1951,0.23680164018452077,0.22177014236412637,0.23909527459229524,0.2218178243705482,0.3852378596242957,0.2218178243705482
ResNet-50,PlantVillage → PlantDoc Core,2026,1951,0.2603792926704254,0.22418887765691553,0.24811211067156863,0.23579852174413038,0.355201577972626,0.23579852174413038
EfficientNet-B0,PlantVillage → PlantDoc Core,42,1951,0.274218349564326,0.23586194001340768,0.2618217474879558,0.2602413008952143,0.32852176458351157,0.2602413008952143
EfficientNet-B0,PlantVillage → PlantDoc Core,1337,1951,0.25422860071758074,0.23117505989948717,0.24839936334230692,0.24121960736327508,0.3751148165886913,0.24121960736327508
EfficientNet-B0,PlantVillage → PlantDoc Core,2026,1951,0.2675550999487442,0.22296122462895318,0.24811254337865682,0.24103929246737407,0.3329321811908501,0.24103929246737407
MobileNetV3-Small,PlantVillage → PlantDoc Core,42,1951,0.24192721681189133,0.19821544460280008,0.21782688199931496,0.22844892378529316,0.3203558845786175,0.22844892378529316
MobileNetV3-Small,PlantVillage → PlantDoc Core,1337,1951,0.2106611993849308,0.17637750095616886,0.18583686833688112,0.21218278185130757,0.32613418507642944,0.21218278185130757
MobileNetV3-Small,PlantVillage → PlantDoc Core,2026,1951,0.21886212198872373,0.18622681746941797,0.2002014555839995,0.20162496406395544,0.28056134332863064,0.20162496406395544
