pair_id,training_dataset,training_relative_path,training_class,training_sha256,evaluation_dataset,evaluation_relative_path,evaluation_class,evaluation_sha256,phash_distance,contact_sheet,human_decision,decision_reason,reviewer,reviewed_at,final_disposition
ndp-01,PlantVillage,raw/color/Apple___healthy/f09b090f-bff1-4fc9-87ad-1b9e05373698___RS_HL 6035.JPG,Apple___healthy,5c4e36a9f45626c8fa25a0a746c5ec44091cd5f39bd6ea81ded4515d583ce275,PlantDoc,train/Tomato leaf late blight/TomatoLateBlightTop.jpg,Tomato leaf late blight,8db3c1eaf91af244d4d19789a44d5f2e986b845c078e308173100ccf5c61aeb2,4,reports/near_duplicate_contact_sheets/contact_sheet_01.png,clearly_different,visually distinct source images; pHash similarity results from coarse single-leaf composition and does not indicate shared source content,human_reviewer_1,2026-08-02T21:10:00+05:00,keep
ndp-02,PlantVillage,raw/color/Apple___Black_rot/888c8b6e-55cb-4492-b489-22f3624f1c39___JR_FrgE.S 8765.JPG,Apple___Black_rot,a67725d704ce032dd707119f33680373d636b351e332d86807569d5de986e7e5,PlantDoc,train/Apple leaf/depositphotos_30057617-Green-leaf-of-apple-tree.jpg,Apple leaf,8f138f42b89fd37fdadf24cb1af94d01360bf9748b4d0cf9a467e9d45aee8a54,6,reports/near_duplicate_contact_sheets/contact_sheet_01.png,clearly_different,visually distinct source images; pHash similarity results from coarse single-leaf composition and does not indicate shared source content,human_reviewer_1,2026-08-02T21:10:00+05:00,keep
ndp-03,PlantVillage,raw/color/Blueberry___healthy/bafd9520-a306-441b-8f0f-8fdd5ff0f3d3___RS_HL 2375.JPG,Blueberry___healthy,dd1b04c740968477dfda90b0409ec9df4c339ff82e8910b31197e1533e6f9647,PlantDoc,test/Apple leaf/apple-leaf-closeup-37636177.jpg,Apple leaf,8d345ef55e8b6b13407264385e8076101c8f3711b908c6c2f8eb32a16ae78864,6,reports/near_duplicate_contact_sheets/contact_sheet_01.png,clearly_different,visually distinct source images; pHash similarity results from coarse single-leaf composition and does not indicate shared source content,human_reviewer_1,2026-08-02T21:10:00+05:00,keep
ndp-04,PlantVillage,raw/color/Cherry_(including_sour)___healthy/01958ee7-f585-4956-90aa-a40dc79102d4___JR_HL 9836.JPG,Cherry_(including_sour)___healthy,c20dcd3167d973dabd2b5febddeb49c307053c3d87cc52cfcb931643366e03d4,PlantDoc,train/Apple leaf/depositphotos_30057617-Green-leaf-of-apple-tree.jpg,Apple leaf,8f138f42b89fd37fdadf24cb1af94d01360bf9748b4d0cf9a467e9d45aee8a54,6,reports/near_duplicate_contact_sheets/contact_sheet_01.png,clearly_different,visually distinct source images; pHash similarity results from coarse single-leaf composition and does not indicate shared source content,human_reviewer_1,2026-08-02T21:10:00+05:00,keep
ndp-05,PlantVillage,raw/color/Cherry_(including_sour)___healthy/6ae3fb47-fad5-4167-b106-782bc5ef68d6___JR_HL 9513.JPG,Cherry_(including_sour)___healthy,720e8df1445c7f78ae582f990835a3f1e1aa086d985c76e7cafa2f190df5f95e,PlantDoc,train/Tomato leaf late blight/TomatoLateBlightTop.jpg,Tomato leaf late blight,8db3c1eaf91af244d4d19789a44d5f2e986b845c078e308173100ccf5c61aeb2,6,reports/near_duplicate_contact_sheets/contact_sheet_02.png,clearly_different,visually distinct source images; pHash similarity results from coarse single-leaf composition and does not indicate shared source content,human_reviewer_1,2026-08-02T21:10:00+05:00,keep
ndp-06,PlantVillage,raw/color/Grape___Black_rot/69b68016-b0a9-437f-b8a2-3cec7b1ced89___FAM_B.Rot 0370.JPG,Grape___Black_rot,6ecbd69c72641c2de4184fe2843d19063e1175200a34edb864dd9ce6986c294b,PlantDoc,train/Apple rust leaf/car-apple9.jpg,Apple rust leaf,363121c669016765221a1160636d3f9c0078157a5fccb1397aa8c855251a9a3e,6,reports/near_duplicate_contact_sheets/contact_sheet_02.png,clearly_different,visually distinct source images; pHash similarity results from coarse single-leaf composition and does not indicate shared source content,human_reviewer_1,2026-08-02T21:10:00+05:00,keep
ndp-07,PlantVillage,raw/color/Orange___Haunglongbing_(Citrus_greening)/81a2842a-0d85-4521-b425-b8ce671553c6___CREC_HLB 5626.JPG,Orange___Haunglongbing_(Citrus_greening),3a0acd68dd15934efff2f5fa36a038b0367581b6984ffbb969554412d7ef9c8e,PlantDoc,train/Apple leaf/depositphotos_30057617-Green-leaf-of-apple-tree.jpg,Apple leaf,8f138f42b89fd37fdadf24cb1af94d01360bf9748b4d0cf9a467e9d45aee8a54,6,reports/near_duplicate_contact_sheets/contact_sheet_02.png,clearly_different,visually distinct source images; pHash similarity results from coarse single-leaf composition and does not indicate shared source content,human_reviewer_1,2026-08-02T21:10:00+05:00,keep
ndp-08,PlantVillage,raw/color/Orange___Haunglongbing_(Citrus_greening)/c064d3a5-c0b6-4cc9-8c4b-bbf19f23cba2___CREC_HLB 5331.JPG,Orange___Haunglongbing_(Citrus_greening),8279a93f533eb92c7faa7cf2e8e24c3ee28af9d37e384b737c0ac8d31cc7c4ec,PlantDoc,train/Apple leaf/depositphotos_30057617-Green-leaf-of-apple-tree.jpg,Apple leaf,8f138f42b89fd37fdadf24cb1af94d01360bf9748b4d0cf9a467e9d45aee8a54,6,reports/near_duplicate_contact_sheets/contact_sheet_02.png,clearly_different,visually distinct source images; pHash similarity results from coarse single-leaf composition and does not indicate shared source content,human_reviewer_1,2026-08-02T21:10:00+05:00,keep
ndp-09,PlantVillage,raw/color/Soybean___healthy/09ae1b30-a83d-40d0-aca4-db6bfcc26bc2___RS_HL 4094.JPG,Soybean___healthy,9a2d32fc9f0c671809a8caa40150dec4881547283f533199ac792b62928da093,PlantDoc,train/Apple leaf/depositphotos_30057617-Green-leaf-of-apple-tree.jpg,Apple leaf,8f138f42b89fd37fdadf24cb1af94d01360bf9748b4d0cf9a467e9d45aee8a54,6,reports/near_duplicate_contact_sheets/contact_sheet_03.png,clearly_different,visually distinct source images; pHash similarity results from coarse single-leaf composition and does not indicate shared source content,human_reviewer_1,2026-08-02T21:10:00+05:00,keep
ndp-10,PlantVillage,raw/color/Soybean___healthy/2f0e30c3-e2fc-4108-bb9a-c0ac42b4bb9a___RS_HL 4551.JPG,Soybean___healthy,41ef2bd6c1e7108eb9225cb75586d7583ecce83a117440bd50f4e32063d27eb0,PlantDoc,train/Apple leaf/green-leaf-apple-tree-isolated-white-background-33032695.jpg,Apple leaf,60cad750de450fc03132efca9546fa18dc0e94c3440e34fe9bfacacbf4966e42,6,reports/near_duplicate_contact_sheets/contact_sheet_03.png,clearly_different,visually distinct source images; pHash similarity results from coarse single-leaf composition and does not indicate shared source content,human_reviewer_1,2026-08-02T21:10:00+05:00,keep
ndp-11,PlantVillage,raw/color/Soybean___healthy/7adac6f5-49f5-4cda-8425-e15d7d821b88___RS_HL 4395.JPG,Soybean___healthy,72c3131f04710019e9ae3cad4129dbe4cc65acb0f861c04c92b01ceb3f1a54c1,PlantDoc,train/Apple leaf/green-leaf-apple-tree-isolated-white-background-33032695.jpg,Apple leaf,60cad750de450fc03132efca9546fa18dc0e94c3440e34fe9bfacacbf4966e42,6,reports/near_duplicate_contact_sheets/contact_sheet_03.png,clearly_different,visually distinct source images; pHash similarity results from coarse single-leaf composition and does not indicate shared source content,human_reviewer_1,2026-08-02T21:10:00+05:00,keep
ndp-12,PlantVillage,raw/color/Soybean___healthy/8e3f6573-c338-48e5-bfba-257daff8e52e___RS_HL 5048.JPG,Soybean___healthy,6e88a790bc7c1cf0192211921f8b0ab03d67a47a961f900161693a258e0d7363,PlantDoc,train/Apple leaf/depositphotos_45748597-stock-photo-ripe-apple-with-leaf.jpg,Apple leaf,425ae277558dec7e8867853fb0acbcef2656b8e8cf746d3fc2771130bb73382c,6,reports/near_duplicate_contact_sheets/contact_sheet_03.png,clearly_different,visually distinct source images; pHash similarity results from coarse single-leaf composition and does not indicate shared source content,human_reviewer_1,2026-08-02T21:10:00+05:00,keep
ndp-13,PlantVillage,raw/color/Soybean___healthy/a7711242-c374-4156-a8ba-d1ad73d38f8e___RS_HL 3713.JPG,Soybean___healthy,cf373e4c69ab6a79011b808cdead6e2b5645d8b1b7be4df53f807b23d290216a,PlantDoc,train/Apple leaf/green-leaf-apple-tree-isolated-white-background-33032695.jpg,Apple leaf,60cad750de450fc03132efca9546fa18dc0e94c3440e34fe9bfacacbf4966e42,6,reports/near_duplicate_contact_sheets/contact_sheet_04.png,clearly_different,visually distinct source images; pHash similarity results from coarse single-leaf composition and does not indicate shared source content,human_reviewer_1,2026-08-02T21:10:00+05:00,keep
ndp-14,PlantVillage,raw/color/Soybean___healthy/c16247cc-3f42-43a3-bbca-f1e6fa8e4ee2___RS_HL 4919.JPG,Soybean___healthy,5e69b45d47bcca9913429c16648872b90b335c89ccedf438fe55861baeaefc2d,PlantDoc,train/Apple leaf/green-leaf-picture-id177130309?b=1&k=6&m=177130309&s=612x612&w=0&h=VP3U0AM5j0fvQqOwuI5f7cmb2Ji88mVep0eoXQaJRfs=.jpg,Apple leaf,3be0a0af905f5adee78fa2ecff5ea266280f2ad71e1dac1d1ad44625146028b3,6,reports/near_duplicate_contact_sheets/contact_sheet_04.png,clearly_different,visually distinct source images; pHash similarity results from coarse single-leaf composition and does not indicate shared source content,human_reviewer_1,2026-08-02T21:10:00+05:00,keep
ndp-15,PlantVillage,raw/color/Soybean___healthy/cacad82a-11e3-4252-8ca5-8384ac71b660___RS_HL 4222.JPG,Soybean___healthy,e123586c2ac6b920f2396889f932adaafaa7a9c9e676e3350d831f9b8b814543,PlantDoc,train/Apple leaf/green-leaf-picture-id177130309?b=1&k=6&m=177130309&s=612x612&w=0&h=VP3U0AM5j0fvQqOwuI5f7cmb2Ji88mVep0eoXQaJRfs=.jpg,Apple leaf,3be0a0af905f5adee78fa2ecff5ea266280f2ad71e1dac1d1ad44625146028b3,6,reports/near_duplicate_contact_sheets/contact_sheet_04.png,clearly_different,visually distinct source images; pHash similarity results from coarse single-leaf composition and does not indicate shared source content,human_reviewer_1,2026-08-02T21:10:00+05:00,keep
ndp-16,PlantVillage,raw/color/Tomato___Late_blight/3de67462-9ae4-455d-8d0d-a625c92c7120___RS_Late.B 5148.JPG,Tomato___Late_blight,be1a44daef442397edb7b36efc026ed4667ab6fbfc3515df30f7f56107d04b0d,PlantDoc,train/Tomato leaf late blight/TomatoLateBlightTop.jpg,Tomato leaf late blight,8db3c1eaf91af244d4d19789a44d5f2e986b845c078e308173100ccf5c61aeb2,6,reports/near_duplicate_contact_sheets/contact_sheet_04.png,visually_similar_but_independent,"same disease category but visibly different leaf, damage geometry, background, framing, and source scene",human_reviewer_1,2026-08-02T21:10:00+05:00,keep
